firstname,middleInitial,lastname,username,password,telephone,ou
Rick,M,Sanchez,Rick,Pa$$w0rd,61234567,"OU=HR,OU=Zara Pte Ltd,DC=frontier,DC=net"
John,A,Sanchez,John,Pa$$w0rd,61234567,"OU=HR,OU=Zara Pte Ltd,DC=frontier,DC=net"
William,F,Sanchez,William,Pa$$w0rd,61234567,"OU=HR,OU=Zara Pte Ltd,DC=frontier,DC=net"
James,R,Sanchez,James,Pa$$w0rd,61234567,"OU=HR,OU=Zara Pte Ltd,DC=frontier,DC=net"
Charles,G,Sanchez,Charles,Pa$$w0rd,61234567,"OU=HR,OU=Zara Pte Ltd,DC=frontier,DC=net"
George,Y,Sanchez,George,Pa$$w0rd,61234567,"OU=HR,OU=Zara Pte Ltd,DC=frontier,DC=net"
Frank,F,Sanchez,Frank,Pa$$w0rd,61234567,"OU=HR,OU=Zara Pte Ltd,DC=frontier,DC=net"
Joseph,E,Sanchez,Joseph,Pa$$w0rd,61234567,"OU=HR,OU=Zara Pte Ltd,DC=frontier,DC=net"
Thomas,B,Sanchez,Thomas,Pa$$w0rd,61234567,"OU=HR,OU=Zara Pte Ltd,DC=frontier,DC=net"
Henry,D,Sanchez,Henry,Pa$$w0rd,61234567,"OU=HR,OU=Zara Pte Ltd,DC=frontier,DC=net"
Robert,E,Sanchez,Robert,Pa$$w0rd,61234567,"OU=HR,OU=Zara Pte Ltd,DC=frontier,DC=net"
Edward,H,Sanchez,Edward,Pa$$w0rd,61234567,"OU=HR,OU=Zara Pte Ltd,DC=frontier,DC=net"
Harry,U,Sanchez,Harry,Pa$$w0rd,61234567,"OU=HR,OU=Zara Pte Ltd,DC=frontier,DC=net"
Walter,F,Sanchez,Walter,Pa$$w0rd,61234567,"OU=HR,OU=Zara Pte Ltd,DC=frontier,DC=net"
Arthur,C,Sanchez,Arthur,Pa$$w0rd,61234567,"OU=HR,OU=Zara Pte Ltd,DC=frontier,DC=net"
Fred,D,Sanchez,Fred,Pa$$w0rd,61234567,"OU=HR,OU=Zara Pte Ltd,DC=frontier,DC=net"
Albert,G,Sanchez,Albert,Pa$$w0rd,61234567,"OU=HR,OU=Zara Pte Ltd,DC=frontier,DC=net"
Samuel,H,Sanchez,Samuel,Pa$$w0rd,61234567,"OU=HR,OU=Zara Pte Ltd,DC=frontier,DC=net"
David,F,Sanchez,David,Pa$$w0rd,61234567,"OU=HR,OU=Zara Pte Ltd,DC=frontier,DC=net"
Louis,T,Sanchez,Louis,Pa$$w0rd,61234567,"OU=HR,OU=Zara Pte Ltd,DC=frontier,DC=net"
Joe,H,Sanchez,Joe,Pa$$w0rd,61234567,"OU=HR,OU=Zara Pte Ltd,DC=frontier,DC=net"
Charlie,G,Sanchez,Charlie,Pa$$w0rd,61234567,"OU=HR,OU=Zara Pte Ltd,DC=frontier,DC=net"
Clarence,G,Sanchez,Clarence,Pa$$w0rd,61234567,"OU=HR,OU=Zara Pte Ltd,DC=frontier,DC=net"
Richard,G,Sanchez,Richard,Pa$$w0rd,61234567,"OU=HR,OU=Zara Pte Ltd,DC=frontier,DC=net"
Andrew,G,Sanchez,Andrew,Pa$$w0rd,61234567,"OU=HR,OU=Zara Pte Ltd,DC=frontier,DC=net"
Daniel,G,Sanchez,Daniel,Pa$$w0rd,61234567,"OU=HR,OU=Zara Pte Ltd,DC=frontier,DC=net"
Ernest,G,Sanchez,Ernest,Pa$$w0rd,61234567,"OU=HR,OU=Zara Pte Ltd,DC=frontier,DC=net"
Will,G,Sanchez,Will,Pa$$w0rd,61234567,"OU=HR,OU=Zara Pte Ltd,DC=frontier,DC=net"
Jesse,D,Sanchez,Jesse,Pa$$w0rd,61234567,"OU=HR,OU=Zara Pte Ltd,DC=frontier,DC=net"
Oscar,D,Sanchez,Oscar,Pa$$w0rd,61234567,"OU=HR,OU=Zara Pte Ltd,DC=frontier,DC=net"
Lewis,D,Sanchez,Lewis,Pa$$w0rd,61234567,"OU=HR,OU=Zara Pte Ltd,DC=frontier,DC=net"
Peter,D,Sanchez,Peter,Pa$$w0rd,61234567,"OU=HR,OU=Zara Pte Ltd,DC=frontier,DC=net"
Benjamin,D,Sanchez,Benjamin,Pa$$w0rd,61234567,"OU=HR,OU=Zara Pte Ltd,DC=frontier,DC=net"
Frederick,D,Sanchez,Frederick,Pa$$w0rd,61234567,"OU=HR,OU=Zara Pte Ltd,DC=frontier,DC=net"
Willie,D,Sanchez,Willie,Pa$$w0rd,61234567,"OU=HR,OU=Zara Pte Ltd,DC=frontier,DC=net"
Alfred,D,Sanchez,Alfred,Pa$$w0rd,61234567,"OU=HR,OU=Zara Pte Ltd,DC=frontier,DC=net"
Sam,D,Sanchez,Sam,Pa$$w0rd,61234567,"OU=HR,OU=Zara Pte Ltd,DC=frontier,DC=net"
Roy,D,Sanchez,Roy,Pa$$w0rd,61234567,"OU=HR,OU=Zara Pte Ltd,DC=frontier,DC=net"
Herbert,D,Sanchez,Herbert,Pa$$w0rd,61234567,"OU=HR,OU=Zara Pte Ltd,DC=frontier,DC=net"
Jacob,D,Sanchez,Jacob,Pa$$w0rd,61234567,"OU=HR,OU=Zara Pte Ltd,DC=frontier,DC=net"
Tom,D,Sanchez,Tom,Pa$$w0rd,61234567,"OU=HR,OU=Zara Pte Ltd,DC=frontier,DC=net"
Elmer,D,Sanchez,Elmer,Pa$$w0rd,61234567,"OU=HR,OU=Zara Pte Ltd,DC=frontier,DC=net"
Carl,D,Sanchez,Carl,Pa$$w0rd,61234567,"OU=HR,OU=Zara Pte Ltd,DC=frontier,DC=net"
Lee,D,Sanchez,Lee,Pa$$w0rd,61234567,"OU=HR,OU=Zara Pte Ltd,DC=frontier,DC=net"
Howard,D,Sanchez,Howard,Pa$$w0rd,61234567,"OU=HR,OU=Zara Pte Ltd,DC=frontier,DC=net"
Martin,D,Sanchez,Martin,Pa$$w0rd,61234567,"OU=HR,OU=Zara Pte Ltd,DC=frontier,DC=net"
Michael,D,Sanchez,Michael,Pa$$w0rd,61234567,"OU=HR,OU=Zara Pte Ltd,DC=frontier,DC=net"
Bert,D,Sanchez,Bert,Pa$$w0rd,61234567,"OU=HR,OU=Zara Pte Ltd,DC=frontier,DC=net"
Herman,W,Sanchez,Herman,Pa$$w0rd,61234567,"OU=HR,OU=Zara Pte Ltd,DC=frontier,DC=net"
Jim,W,Sanchez,Jim,Pa$$w0rd,61234567,"OU=HR,OU=Zara Pte Ltd,DC=frontier,DC=net"
Francis,W,Sanchez,Francis,Pa$$w0rd,61234567,"OU=HR,OU=Zara Pte Ltd,DC=frontier,DC=net"
Harvey,W,Sanchez,Harvey,Pa$$w0rd,61234567,"OU=HR,OU=Zara Pte Ltd,DC=frontier,DC=net"
Earl,A,Sanchez,Earl,Pa$$w0rd,61234567,"OU=HR,OU=Zara Pte Ltd,DC=frontier,DC=net"
Eugene,E,Sanchez,Eugene,Pa$$w0rd,61234567,"OU=HR,OU=Zara Pte Ltd,DC=frontier,DC=net"
Ralph,YT,Sanchez,Ralph,Pa$$w0rd,61234567,"OU=HR,OU=Zara Pte Ltd,DC=frontier,DC=net"
Ed,W,Sanchez,Ed,Pa$$w0rd,61234567,"OU=HR,OU=Zara Pte Ltd,DC=frontier,DC=net"
Claude,Q,Sanchez,Claude,Pa$$w0rd,61234567,"OU=HR,OU=Zara Pte Ltd,DC=frontier,DC=net"
Edwin,E,Sanchez,Edwin,Pa$$w0rd,61234567,"OU=HR,OU=Zara Pte Ltd,DC=frontier,DC=net"
Ben,V,Sanchez,Ben,Pa$$w0rd,61234567,"OU=HR,OU=Zara Pte Ltd,DC=frontier,DC=net"
Charley,D,Sanchez,Charley,Pa$$w0rd,61234567,"OU=HR,OU=Zara Pte Ltd,DC=frontier,DC=net"
Paul,SZ,Sanchez,Paul,Pa$$w0rd,61234567,"OU=HR,OU=Zara Pte Ltd,DC=frontier,DC=net"
Edgar,G,Sanchez,Edgar,Pa$$w0rd,61234567,"OU=HR,OU=Zara Pte Ltd,DC=frontier,DC=net"
Isaac,H,Sanchez,Isaac,Pa$$w0rd,61234567,"OU=HR,OU=Zara Pte Ltd,DC=frontier,DC=net"
Otto,YT,Sanchez,Otto,Pa$$w0rd,61234567,"OU=HR,OU=Zara Pte Ltd,DC=frontier,DC=net"
Luther,R,Sanchez,Luther,Pa$$w0rd,61234567,"OU=HR,OU=Zara Pte Ltd,DC=frontier,DC=net"
Lawrence,D,Sanchez,Lawrence,Pa$$w0rd,61234567,"OU=HR,OU=Zara Pte Ltd,DC=frontier,DC=net"
Ira,SZ,Sanchez,Ira,Pa$$w0rd,61234567,"OU=HR,OU=Zara Pte Ltd,DC=frontier,DC=net"
Patrick,C,Sanchez,Patrick,Pa$$w0rd,61234567,"OU=HR,OU=Zara Pte Ltd,DC=frontier,DC=net"
Guy,B,Sanchez,Guy,Pa$$w0rd,61234567,"OU=HR,OU=Zara Pte Ltd,DC=frontier,DC=net"
Oliver,J,Sanchez,Oliver,Pa$$w0rd,61234567,"OU=HR,OU=Zara Pte Ltd,DC=frontier,DC=net"
Theodore,U,Sanchez,Theodore,Pa$$w0rd,61234567,"OU=HR,OU=Zara Pte Ltd,DC=frontier,DC=net"
Hugh,I,Sanchez,Hugh,Pa$$w0rd,61234567,"OU=HR,OU=Zara Pte Ltd,DC=frontier,DC=net"
Clyde,O,Sanchez,Clyde,Pa$$w0rd,61234567,"OU=HR,OU=Zara Pte Ltd,DC=frontier,DC=net"
Alexander,K,Sanchez,Alexander,Pa$$w0rd,61234567,"OU=HR,OU=Zara Pte Ltd,DC=frontier,DC=net"
August,HG,Sanchez,August,Pa$$w0rd,61234567,"OU=HR,OU=Zara Pte Ltd,DC=frontier,DC=net"
Floyd,D,Sanchez,Floyd,Pa$$w0rd,61234567,"OU=HR,OU=Zara Pte Ltd,DC=frontier,DC=net"
Homer,D,Sanchez,Homer,Pa$$w0rd,61234567,"OU=HR,OU=Zara Pte Ltd,DC=frontier,DC=net"
Jack,SZ,Sanchez,Jack,Pa$$w0rd,61234567,"OU=HR,OU=Zara Pte Ltd,DC=frontier,DC=net"
Leonard,F,Sanchez,Leonard,Pa$$w0rd,61234567,"OU=HR,OU=Zara Pte Ltd,DC=frontier,DC=net"
Horace,B,Sanchez,Horace,Pa$$w0rd,61234567,"OU=HR,OU=Zara Pte Ltd,DC=frontier,DC=net"
Marion,J,Sanchez,Marion,Pa$$w0rd,61234567,"OU=HR,OU=Zara Pte Ltd,DC=frontier,DC=net"
Philip,J,Sanchez,Philip,Pa$$w0rd,61234567,"OU=HR,OU=Zara Pte Ltd,DC=frontier,DC=net"
Allen,YT,Sanchez,Allen,Pa$$w0rd,61234567,"OU=HR,OU=Zara Pte Ltd,DC=frontier,DC=net"
Archie,R,Sanchez,Archie,Pa$$w0rd,61234567,"OU=HR,OU=Zara Pte Ltd,DC=frontier,DC=net"
Stephen,D,Sanchez,Stephen,Pa$$w0rd,61234567,"OU=HR,OU=Zara Pte Ltd,DC=frontier,DC=net"
Chester,F,Sanchez,Chester,Pa$$w0rd,61234567,"OU=HR,OU=Zara Pte Ltd,DC=frontier,DC=net"
Willis,G,Sanchez,Willis,Pa$$w0rd,61234567,"OU=HR,OU=Zara Pte Ltd,DC=frontier,DC=net"
Raymond,W,Sanchez,Raymond,Pa$$w0rd,61234567,"OU=HR,OU=Zara Pte Ltd,DC=frontier,DC=net"
Rufus,W,Sanchez,Rufus,Pa$$w0rd,61234567,"OU=HR,OU=Zara Pte Ltd,DC=frontier,DC=net"
Warren,Q,Sanchez,Warren,Pa$$w0rd,61234567,"OU=HR,OU=Zara Pte Ltd,DC=frontier,DC=net"
Jessie,A,Sanchez,Jessie,Pa$$w0rd,61234567,"OU=HR,OU=Zara Pte Ltd,DC=frontier,DC=net"
Milton,SZ,Sanchez,Milton,Pa$$w0rd,61234567,"OU=HR,OU=Zara Pte Ltd,DC=frontier,DC=net"
Alex,D,Sanchez,Alex,Pa$$w0rd,61234567,"OU=HR,OU=Zara Pte Ltd,DC=frontier,DC=net"
Leo,F,Sanchez,Leo,Pa$$w0rd,61234567,"OU=HR,OU=Zara Pte Ltd,DC=frontier,DC=net"
Julius,G,Sanchez,Julius,Pa$$w0rd,61234567,"OU=HR,OU=Zara Pte Ltd,DC=frontier,DC=net"
Ray,H,Sanchez,Ray,Pa$$w0rd,61234567,"OU=HR,OU=Zara Pte Ltd,DC=frontier,DC=net"
Sidney,J,Sanchez,Sidney,Pa$$w0rd,61234567,"OU=HR,OU=Zara Pte Ltd,DC=frontier,DC=net"
Bernard,K,Sanchez,Bernard,Pa$$w0rd,61234567,"OU=HR,OU=Zara Pte Ltd,DC=frontier,DC=net"
Dan,L,Sanchez,Dan,Pa$$w0rd,61234567,"OU=HR,OU=Zara Pte Ltd,DC=frontier,DC=net"
Jerry,M,Sanchez,Jerry,Pa$$w0rd,61234567,"OU=HR,OU=Zara Pte Ltd,DC=frontier,DC=net"
Calvin,N,Sanchez,Calvin,Pa$$w0rd,61234567,"OU=HR,OU=Zara Pte Ltd,DC=frontier,DC=net"
Perry,B,Sanchez,Perry,Pa$$w0rd,61234567,"OU=HR,OU=Zara Pte Ltd,DC=frontier,DC=net"
Dave,V,Sanchez,Dave,Pa$$w0rd,61234567,"OU=HR,OU=Zara Pte Ltd,DC=frontier,DC=net"
Anthony,C,Sanchez,Anthony,Pa$$w0rd,61234567,"OU=HR,OU=Zara Pte Ltd,DC=frontier,DC=net"
Eddie,X,Sanchez,Eddie,Pa$$w0rd,61234567,"OU=HR,OU=Zara Pte Ltd,DC=frontier,DC=net"
Amos,Z,Sanchez,Amos,Pa$$w0rd,61234567,"OU=HR,OU=Zara Pte Ltd,DC=frontier,DC=net"
Dennis,Q,Sanchez,Dennis,Pa$$w0rd,61234567,"OU=HR,OU=Zara Pte Ltd,DC=frontier,DC=net"
Clifford,W,Sanchez,Clifford,Pa$$w0rd,61234567,"OU=HR,OU=Zara Pte Ltd,DC=frontier,DC=net"
Leroy,E,Sanchez,Leroy,Pa$$w0rd,61234567,"OU=HR,OU=Zara Pte Ltd,DC=frontier,DC=net"
Wesley,R,Sanchez,Wesley,Pa$$w0rd,61234567,"OU=HR,OU=Zara Pte Ltd,DC=frontier,DC=net"
Alonzo,T,Sanchez,Alonzo,Pa$$w0rd,61234567,"OU=HR,OU=Zara Pte Ltd,DC=frontier,DC=net"
Garfield,YT,Sanchez,Garfield,Pa$$w0rd,61234567,"OU=HR,OU=Zara Pte Ltd,DC=frontier,DC=net"
Franklin,U,Sanchez,Franklin,Pa$$w0rd,61234567,"OU=HR,OU=Zara Pte Ltd,DC=frontier,DC=net"
Emil,I,Sanchez,Emil,Pa$$w0rd,61234567,"OU=HR,OU=Zara Pte Ltd,DC=frontier,DC=net"
Leon,I,Sanchez,Leon,Pa$$w0rd,61234567,"OU=HR,OU=Zara Pte Ltd,DC=frontier,DC=net"
Nathan,I,Sanchez,Nathan,Pa$$w0rd,61234567,"OU=HR,OU=Zara Pte Ltd,DC=frontier,DC=net"
Harold,O,Sanchez,Harold,Pa$$w0rd,61234567,"OU=HR,OU=Zara Pte Ltd,DC=frontier,DC=net"
Matthew,P,Sanchez,Matthew,Pa$$w0rd,61234567,"OU=HR,OU=Zara Pte Ltd,DC=frontier,DC=net"
Levi,L,Sanchez,Levi,Pa$$w0rd,61234567,"OU=HR,OU=Zara Pte Ltd,DC=frontier,DC=net"
Moses,M,Sanchez,Moses,Pa$$w0rd,61234567,"OU=HR,OU=Zara Pte Ltd,DC=frontier,DC=net"
Everett,A,Sanchez,Everett,Pa$$w0rd,61234567,"OU=HR,OU=Zara Pte Ltd,DC=frontier,DC=net"
Lester,F,Sanchez,Lester,Pa$$w0rd,61234567,"OU=HR,OU=Zara Pte Ltd,DC=frontier,DC=net"
Winfield,R,Sanchez,Winfield,Pa$$w0rd,61234567,"OU=HR,OU=Zara Pte Ltd,DC=frontier,DC=net"
Adam,G,Sanchez,Adam,Pa$$w0rd,61234567,"OU=HR,OU=Zara Pte Ltd,DC=frontier,DC=net"
Lloyd,Y,Sanchez,Lloyd,Pa$$w0rd,61234567,"OU=HR,OU=Zara Pte Ltd,DC=frontier,DC=net"
Mack,F,Sanchez,Mack,Pa$$w0rd,61234567,"OU=HR,OU=Zara Pte Ltd,DC=frontier,DC=net"
Fredrick,E,Sanchez,Fredrick,Pa$$w0rd,61234567,"OU=HR,OU=Zara Pte Ltd,DC=frontier,DC=net"
Jay,B,Sanchez,Jay,Pa$$w0rd,61234567,"OU=HR,OU=Zara Pte Ltd,DC=frontier,DC=net"
Jess,D,Sanchez,Jess,Pa$$w0rd,61234567,"OU=HR,OU=Zara Pte Ltd,DC=frontier,DC=net"
Melvin,E,Sanchez,Melvin,Pa$$w0rd,61234567,"OU=HR,OU=Zara Pte Ltd,DC=frontier,DC=net"
Noah,H,Sanchez,Noah,Pa$$w0rd,61234567,"OU=HR,OU=Zara Pte Ltd,DC=frontier,DC=net"
Aaron,U,Sanchez,Aaron,Pa$$w0rd,61234567,"OU=HR,OU=Zara Pte Ltd,DC=frontier,DC=net"
Alvin,F,Sanchez,Alvin,Pa$$w0rd,61234567,"OU=HR,OU=Zara Pte Ltd,DC=frontier,DC=net"
Norman,C,Sanchez,Norman,Pa$$w0rd,61234567,"OU=HR,OU=Zara Pte Ltd,DC=frontier,DC=net"
Gilbert,D,Sanchez,Gilbert,Pa$$w0rd,61234567,"OU=HR,OU=Zara Pte Ltd,DC=frontier,DC=net"
Elijah,G,Sanchez,Elijah,Pa$$w0rd,61234567,"OU=HR,OU=Zara Pte Ltd,DC=frontier,DC=net"
Victor,H,Sanchez,Victor,Pa$$w0rd,61234567,"OU=HR,OU=Zara Pte Ltd,DC=frontier,DC=net"
Gus,F,Sanchez,Gus,Pa$$w0rd,61234567,"OU=HR,OU=Zara Pte Ltd,DC=frontier,DC=net"
Nelson,T,Sanchez,Nelson,Pa$$w0rd,61234567,"OU=HR,OU=Zara Pte Ltd,DC=frontier,DC=net"
Jasper,H,Sanchez,Jasper,Pa$$w0rd,61234567,"OU=HR,OU=Zara Pte Ltd,DC=frontier,DC=net"
Silas,G,Sanchez,Silas,Pa$$w0rd,61234567,"OU=HR,OU=Zara Pte Ltd,DC=frontier,DC=net"
Christopher,G,Sanchez,Christopher,Pa$$w0rd,61234567,"OU=HR,OU=Zara Pte Ltd,DC=frontier,DC=net"
Jake,G,Sanchez,Jake,Pa$$w0rd,61234567,"OU=HR,OU=Zara Pte Ltd,DC=frontier,DC=net"
Mike,G,Sanchez,Mike,Pa$$w0rd,61234567,"OU=HR,OU=Zara Pte Ltd,DC=frontier,DC=net"
Percy,G,Sanchez,Percy,Pa$$w0rd,61234567,"OU=HR,OU=Zara Pte Ltd,DC=frontier,DC=net"
Adolph,G,Sanchez,Adolph,Pa$$w0rd,61234567,"OU=HR,OU=Zara Pte Ltd,DC=frontier,DC=net"
Maurice,G,Sanchez,Maurice,Pa$$w0rd,61234567,"OU=HR,OU=Zara Pte Ltd,DC=frontier,DC=net"
Cornelius,D,Sanchez,Cornelius,Pa$$w0rd,61234567,"OU=HR,OU=Zara Pte Ltd,DC=frontier,DC=net"
Felix,D,Sanchez,Felix,Pa$$w0rd,61234567,"OU=HR,OU=Zara Pte Ltd,DC=frontier,DC=net"
Reuben,D,Sanchez,Reuben,Pa$$w0rd,61234567,"OU=HR,OU=Zara Pte Ltd,DC=frontier,DC=net"
Wallace,D,Sanchez,Wallace,Pa$$w0rd,61234567,"OU=HR,OU=Zara Pte Ltd,DC=frontier,DC=net"
Claud,D,Sanchez,Claud,Pa$$w0rd,61234567,"OU=HR,OU=Zara Pte Ltd,DC=frontier,DC=net"
Roscoe,D,Sanchez,Roscoe,Pa$$w0rd,61234567,"OU=HR,OU=Zara Pte Ltd,DC=frontier,DC=net"
Sylvester,D,Sanchez,Sylvester,Pa$$w0rd,61234567,"OU=HR,OU=Zara Pte Ltd,DC=frontier,DC=net"
Earnest,D,Sanchez,Earnest,Pa$$w0rd,61234567,"OU=HR,OU=Zara Pte Ltd,DC=frontier,DC=net"
Hiram,D,Sanchez,Hiram,Pa$$w0rd,61234567,"OU=HR,OU=Zara Pte Ltd,DC=frontier,DC=net"
Otis,D,Sanchez,Otis,Pa$$w0rd,61234567,"OU=HR,OU=Zara Pte Ltd,DC=frontier,DC=net"
Simon,D,Sanchez,Simon,Pa$$w0rd,61234567,"OU=HR,OU=Zara Pte Ltd,DC=frontier,DC=net"
Willard,D,Sanchez,Willard,Pa$$w0rd,61234567,"OU=HR,OU=Zara Pte Ltd,DC=frontier,DC=net"
Irvin,D,Sanchez,Irvin,Pa$$w0rd,61234567,"OU=HR,OU=Zara Pte Ltd,DC=frontier,DC=net"
Mark,D,Sanchez,Mark,Pa$$w0rd,61234567,"OU=HR,OU=Zara Pte Ltd,DC=frontier,DC=net"
Jose,D,Sanchez,Jose,Pa$$w0rd,61234567,"OU=HR,OU=Zara Pte Ltd,DC=frontier,DC=net"
Wilbur,D,Sanchez,Wilbur,Pa$$w0rd,61234567,"OU=HR,OU=Zara Pte Ltd,DC=frontier,DC=net"
Abraham,D,Sanchez,Abraham,Pa$$w0rd,61234567,"OU=HR,OU=Zara Pte Ltd,DC=frontier,DC=net"
Virgil,D,Sanchez,Virgil,Pa$$w0rd,61234567,"OU=HR,OU=Zara Pte Ltd,DC=frontier,DC=net"
Clinton,D,Sanchez,Clinton,Pa$$w0rd,61234567,"OU=HR,OU=Zara Pte Ltd,DC=frontier,DC=net"
Elbert,D,Sanchez,Elbert,Pa$$w0rd,61234567,"OU=HR,OU=Zara Pte Ltd,DC=frontier,DC=net"
Leslie,W,Sanchez,Leslie,Pa$$w0rd,61234567,"OU=HR,OU=Zara Pte Ltd,DC=frontier,DC=net"
Marshall,W,Sanchez,Marshall,Pa$$w0rd,61234567,"OU=HR,OU=Zara Pte Ltd,DC=frontier,DC=net"
Owen,W,Sanchez,Owen,Pa$$w0rd,61234567,"OU=HR,OU=Zara Pte Ltd,DC=frontier,DC=net"
Wiley,W,Sanchez,Wiley,Pa$$w0rd,61234567,"OU=HR,OU=Zara Pte Ltd,DC=frontier,DC=net"
Anton,A,Sanchez,Anton,Pa$$w0rd,61234567,"OU=HR,OU=Zara Pte Ltd,DC=frontier,DC=net"
Morris,E,Sanchez,Morris,Pa$$w0rd,61234567,"OU=HR,OU=Zara Pte Ltd,DC=frontier,DC=net"
Manuel,YT,Sanchez,Manuel,Pa$$w0rd,61234567,"OU=HR,OU=Zara Pte Ltd,DC=frontier,DC=net"
Phillip,W,Sanchez,Phillip,Pa$$w0rd,61234567,"OU=HR,OU=Zara Pte Ltd,DC=frontier,DC=net"
Augustus,Q,Sanchez,Augustus,Pa$$w0rd,61234567,"OU=HR,OU=Zara Pte Ltd,DC=frontier,DC=net"
Emmett,E,Sanchez,Emmett,Pa$$w0rd,61234567,"OU=HR,OU=Zara Pte Ltd,DC=frontier,DC=net"
Eli,V,Sanchez,Eli,Pa$$w0rd,61234567,"OU=HR,OU=Zara Pte Ltd,DC=frontier,DC=net"
Nicholas,D,Sanchez,Nicholas,Pa$$w0rd,61234567,"OU=HR,OU=Zara Pte Ltd,DC=frontier,DC=net"
Wilson,SZ,Sanchez,Wilson,Pa$$w0rd,61234567,"OU=HR,OU=Zara Pte Ltd,DC=frontier,DC=net"
Alva,G,Sanchez,Alva,Pa$$w0rd,61234567,"OU=HR,OU=Zara Pte Ltd,DC=frontier,DC=net"
Harley,H,Sanchez,Harley,Pa$$w0rd,61234567,"OU=HR,OU=Zara Pte Ltd,DC=frontier,DC=net"
Newton,YT,Sanchez,Newton,Pa$$w0rd,61234567,"OU=HR,OU=Zara Pte Ltd,DC=frontier,DC=net"
Timothy,R,Sanchez,Timothy,Pa$$w0rd,61234567,"OU=HR,OU=Zara Pte Ltd,DC=frontier,DC=net"
Marvin,D,Sanchez,Marvin,Pa$$w0rd,61234567,"OU=HR,OU=Zara Pte Ltd,DC=frontier,DC=net"
Ross,SZ,Sanchez,Ross,Pa$$w0rd,61234567,"OU=HR,OU=Zara Pte Ltd,DC=frontier,DC=net"
Curtis,C,Sanchez,Curtis,Pa$$w0rd,61234567,"OU=HR,OU=Zara Pte Ltd,DC=frontier,DC=net"
Edmund,B,Sanchez,Edmund,Pa$$w0rd,61234567,"OU=HR,OU=Zara Pte Ltd,DC=frontier,DC=net"
Jeff,J,Sanchez,Jeff,Pa$$w0rd,61234567,"OU=HR,OU=Zara Pte Ltd,DC=frontier,DC=net"
Elias,U,Sanchez,Elias,Pa$$w0rd,61234567,"OU=HR,OU=Zara Pte Ltd,DC=frontier,DC=net"
Harrison,I,Sanchez,Harrison,Pa$$w0rd,61234567,"OU=HR,OU=Zara Pte Ltd,DC=frontier,DC=net"
Stanley,O,Sanchez,Stanley,Pa$$w0rd,61234567,"OU=HR,OU=Zara Pte Ltd,DC=frontier,DC=net"
Columbus,K,Sanchez,Columbus,Pa$$w0rd,61234567,"OU=HR,OU=Zara Pte Ltd,DC=frontier,DC=net"
Lon,HG,Sanchez,Lon,Pa$$w0rd,61234567,"OU=HR,OU=Zara Pte Ltd,DC=frontier,DC=net"
Ora,D,Sanchez,Ora,Pa$$w0rd,61234567,"OU=HR,OU=Zara Pte Ltd,DC=frontier,DC=net"
Ollie,D,Sanchez,Ollie,Pa$$w0rd,61234567,"OU=HR,OU=Zara Pte Ltd,DC=frontier,DC=net"
Russell,SZ,Sanchez,Russell,Pa$$w0rd,61234567,"OU=HR,OU=Zara Pte Ltd,DC=frontier,DC=net"
Pearl,F,Sanchez,Pearl,Pa$$w0rd,61234567,"OU=HR,OU=Zara Pte Ltd,DC=frontier,DC=net"
Solomon,B,Sanchez,Solomon,Pa$$w0rd,61234567,"OU=HR,OU=Zara Pte Ltd,DC=frontier,DC=net"
Arch,J,Sanchez,Arch,Pa$$w0rd,61234567,"OU=HR,OU=Zara Pte Ltd,DC=frontier,DC=net"
Asa,J,Sanchez,Asa,Pa$$w0rd,61234567,"OU=HR,OU=Zara Pte Ltd,DC=frontier,DC=net"
Clayton,YT,Sanchez,Clayton,Pa$$w0rd,61234567,"OU=HR,OU=Zara Pte Ltd,DC=frontier,DC=net"
Enoch,R,Sanchez,Enoch,Pa$$w0rd,61234567,"OU=HR,OU=Zara Pte Ltd,DC=frontier,DC=net"
Irving,D,Sanchez,Irving,Pa$$w0rd,61234567,"OU=HR,OU=Zara Pte Ltd,DC=frontier,DC=net"
Mathew,F,Sanchez,Mathew,Pa$$w0rd,61234567,"OU=HR,OU=Zara Pte Ltd,DC=frontier,DC=net"
Nathaniel,G,Sanchez,Nathaniel,Pa$$w0rd,61234567,"OU=HR,OU=Zara Pte Ltd,DC=frontier,DC=net"
Scott,W,Sanchez,Scott,Pa$$w0rd,61234567,"OU=HR,OU=Zara Pte Ltd,DC=frontier,DC=net"
Hubert,W,Sanchez,Hubert,Pa$$w0rd,61234567,"OU=HR,OU=Zara Pte Ltd,DC=frontier,DC=net"
Lemuel,Q,Sanchez,Lemuel,Pa$$w0rd,61234567,"OU=HR,OU=Zara Pte Ltd,DC=frontier,DC=net"
Andy,A,Sanchez,Andy,Pa$$w0rd,61234567,"OU=HR,OU=Zara Pte Ltd,DC=frontier,DC=net"
Ellis,SZ,Sanchez,Ellis,Pa$$w0rd,61234567,"OU=HR,OU=Zara Pte Ltd,DC=frontier,DC=net"
Emanuel,D,Sanchez,Emanuel,Pa$$w0rd,61234567,"OU=HR,OU=Zara Pte Ltd,DC=frontier,DC=net"
Joshua,F,Sanchez,Joshua,Pa$$w0rd,61234567,"OU=HR,OU=Zara Pte Ltd,DC=frontier,DC=net"
Millard,G,Sanchez,Millard,Pa$$w0rd,61234567,"OU=HR,OU=Zara Pte Ltd,DC=frontier,DC=net"
Vernon,H,Sanchez,Vernon,Pa$$w0rd,61234567,"OU=HR,OU=Zara Pte Ltd,DC=frontier,DC=net"
Wade,J,Sanchez,Wade,Pa$$w0rd,61234567,"OU=HR,OU=Zara Pte Ltd,DC=frontier,DC=net"
Cyrus,K,Sanchez,Cyrus,Pa$$w0rd,61234567,"OU=HR,OU=Zara Pte Ltd,DC=frontier,DC=net"
Miles,L,Sanchez,Miles,Pa$$w0rd,61234567,"OU=HR,OU=Zara Pte Ltd,DC=frontier,DC=net"
Rudolph,M,Sanchez,Rudolph,Pa$$w0rd,61234567,"OU=HR,OU=Zara Pte Ltd,DC=frontier,DC=net"
Sherman,N,Sanchez,Sherman,Pa$$w0rd,61234567,"OU=HR,OU=Zara Pte Ltd,DC=frontier,DC=net"
Austin,B,Sanchez,Austin,Pa$$w0rd,61234567,"OU=HR,OU=Zara Pte Ltd,DC=frontier,DC=net"
Bill,V,Sanchez,Bill,Pa$$w0rd,61234567,"OU=HR,OU=Zara Pte Ltd,DC=frontier,DC=net"
Chas,C,Sanchez,Chas,Pa$$w0rd,61234567,"OU=HR,OU=Zara Pte Ltd,DC=frontier,DC=net"
Lonnie,X,Sanchez,Lonnie,Pa$$w0rd,61234567,"OU=HR,OU=Zara Pte Ltd,DC=frontier,DC=net"
Monroe,Z,Sanchez,Monroe,Pa$$w0rd,61234567,"OU=HR,OU=Zara Pte Ltd,DC=frontier,DC=net"
Byron,Q,Sanchez,Byron,Pa$$w0rd,61234567,"OU=HR,OU=Zara Pte Ltd,DC=frontier,DC=net"
Edd,W,Sanchez,Edd,Pa$$w0rd,61234567,"OU=HR,OU=Zara Pte Ltd,DC=frontier,DC=net"
Emery,E,Sanchez,Emery,Pa$$w0rd,61234567,"OU=HR,OU=Zara Pte Ltd,DC=frontier,DC=net"
Grant,R,Sanchez,Grant,Pa$$w0rd,61234567,"OU=HR,OU=Zara Pte Ltd,DC=frontier,DC=net"
Jerome,T,Sanchez,Jerome,Pa$$w0rd,61234567,"OU=HR,OU=Zara Pte Ltd,DC=frontier,DC=net"
Max,YT,Sanchez,Max,Pa$$w0rd,61234567,"OU=HR,OU=Zara Pte Ltd,DC=frontier,DC=net"
Mose,U,Sanchez,Mose,Pa$$w0rd,61234567,"OU=HR,OU=Zara Pte Ltd,DC=frontier,DC=net"
Steve,I,Sanchez,Steve,Pa$$w0rd,61234567,"OU=HR,OU=Zara Pte Ltd,DC=frontier,DC=net"
Gordon,I,Sanchez,Gordon,Pa$$w0rd,61234567,"OU=HR,OU=Zara Pte Ltd,DC=frontier,DC=net"
Abe,I,Sanchez,Abe,Pa$$w0rd,61234567,"OU=HR,OU=Zara Pte Ltd,DC=frontier,DC=net"
Pete,O,Sanchez,Pete,Pa$$w0rd,61234567,"OU=HR,OU=Zara Pte Ltd,DC=frontier,DC=net"
Chris,P,Sanchez,Chris,Pa$$w0rd,61234567,"OU=HR,OU=Zara Pte Ltd,DC=frontier,DC=net"
Clark,M,Sanchez,Clark,Pa$$w0rd,61234567,"OU=HR,OU=Zara Pte Ltd,DC=frontier,DC=net"
Gustave,A,Sanchez,Gustave,Pa$$w0rd,61234567,"OU=HR,OU=Zara Pte Ltd,DC=frontier,DC=net"
Orville,F,Sanchez,Orville,Pa$$w0rd,61234567,"OU=HR,OU=Zara Pte Ltd,DC=frontier,DC=net"
Lorenzo,R,Sanchez,Lorenzo,Pa$$w0rd,61234567,"OU=HR,OU=Zara Pte Ltd,DC=frontier,DC=net"
Bruce,G,Sanchez,Bruce,Pa$$w0rd,61234567,"OU=HR,OU=Zara Pte Ltd,DC=frontier,DC=net"
Marcus,Y,Sanchez,Marcus,Pa$$w0rd,61234567,"OU=HR,OU=Zara Pte Ltd,DC=frontier,DC=net"
Preston,F,Sanchez,Preston,Pa$$w0rd,61234567,"OU=HR,OU=Zara Pte Ltd,DC=frontier,DC=net"
Bob,E,Sanchez,Bob,Pa$$w0rd,61234567,"OU=HR,OU=Zara Pte Ltd,DC=frontier,DC=net"
Dock,B,Sanchez,Dock,Pa$$w0rd,61234567,"OU=HR,OU=Zara Pte Ltd,DC=frontier,DC=net"
Donald,D,Sanchez,Donald,Pa$$w0rd,61234567,"OU=HR,OU=Zara Pte Ltd,DC=frontier,DC=net"
Jackson,E,Sanchez,Jackson,Pa$$w0rd,61234567,"OU=HR,OU=Zara Pte Ltd,DC=frontier,DC=net"
Cecil,H,Sanchez,Cecil,Pa$$w0rd,61234567,"OU=HR,OU=Zara Pte Ltd,DC=frontier,DC=net"
Barney,U,Sanchez,Barney,Pa$$w0rd,61234567,"OU=HR,OU=Zara Pte Ltd,DC=frontier,DC=net"
Delbert,F,Sanchez,Delbert,Pa$$w0rd,61234567,"OU=HR,OU=Zara Pte Ltd,DC=frontier,DC=net"
Edmond,C,Sanchez,Edmond,Pa$$w0rd,61234567,"OU=HR,OU=Zara Pte Ltd,DC=frontier,DC=net"
Anderson,D,Sanchez,Anderson,Pa$$w0rd,61234567,"OU=HR,OU=Zara Pte Ltd,DC=frontier,DC=net"
Christian,G,Sanchez,Christian,Pa$$w0rd,61234567,"OU=HR,OU=Zara Pte Ltd,DC=frontier,DC=net"
Glenn,H,Sanchez,Glenn,Pa$$w0rd,61234567,"OU=HR,OU=Zara Pte Ltd,DC=frontier,DC=net"
Jefferson,F,Sanchez,Jefferson,Pa$$w0rd,61234567,"OU=HR,OU=Zara Pte Ltd,DC=frontier,DC=net"
Luke,T,Sanchez,Luke,Pa$$w0rd,61234567,"OU=HR,OU=Zara Pte Ltd,DC=frontier,DC=net"
Neal,H,Sanchez,Neal,Pa$$w0rd,61234567,"OU=HR,OU=Zara Pte Ltd,DC=frontier,DC=net"
Burt,G,Sanchez,Burt,Pa$$w0rd,61234567,"OU=HR,OU=Zara Pte Ltd,DC=frontier,DC=net"
Ike,G,Sanchez,Ike,Pa$$w0rd,61234567,"OU=HR,OU=Zara Pte Ltd,DC=frontier,DC=net"
Myron,G,Sanchez,Myron,Pa$$w0rd,61234567,"OU=HR,OU=Zara Pte Ltd,DC=frontier,DC=net"
Tony,G,Sanchez,Tony,Pa$$w0rd,61234567,"OU=HR,OU=Zara Pte Ltd,DC=frontier,DC=net"
Conrad,G,Sanchez,Conrad,Pa$$w0rd,61234567,"OU=HR,OU=Zara Pte Ltd,DC=frontier,DC=net"
Joel,G,Sanchez,Joel,Pa$$w0rd,61234567,"OU=HR,OU=Zara Pte Ltd,DC=frontier,DC=net"
Matt,G,Sanchez,Matt,Pa$$w0rd,61234567,"OU=HR,OU=Zara Pte Ltd,DC=frontier,DC=net"
Riley,D,Sanchez,Riley,Pa$$w0rd,61234567,"OU=HR,OU=Zara Pte Ltd,DC=frontier,DC=net"
Vincent,D,Sanchez,Vincent,Pa$$w0rd,61234567,"OU=HR,OU=Zara Pte Ltd,DC=frontier,DC=net"
Emory,D,Sanchez,Emory,Pa$$w0rd,61234567,"OU=HR,OU=Zara Pte Ltd,DC=frontier,DC=net"
Isaiah,D,Sanchez,Isaiah,Pa$$w0rd,61234567,"OU=HR,OU=Zara Pte Ltd,DC=frontier,DC=net"
Nick,D,Sanchez,Nick,Pa$$w0rd,61234567,"OU=HR,OU=Zara Pte Ltd,DC=frontier,DC=net"
Ezra,D,Sanchez,Ezra,Pa$$w0rd,61234567,"OU=HR,OU=Zara Pte Ltd,DC=frontier,DC=net"
Green,D,Sanchez,Green,Pa$$w0rd,61234567,"OU=HR,OU=Zara Pte Ltd,DC=frontier,DC=net"
Juan,D,Sanchez,Juan,Pa$$w0rd,61234567,"OU=HR,OU=Zara Pte Ltd,DC=frontier,DC=net"
Clifton,D,Sanchez,Clifton,Pa$$w0rd,61234567,"OU=HR,OU=Zara Pte Ltd,DC=frontier,DC=net"
Lucius,D,Sanchez,Lucius,Pa$$w0rd,61234567,"OU=HR,OU=Zara Pte Ltd,DC=frontier,DC=net"
Porter,D,Sanchez,Porter,Pa$$w0rd,61234567,"OU=HR,OU=Zara Pte Ltd,DC=frontier,DC=net"
Arnold,D,Sanchez,Arnold,Pa$$w0rd,61234567,"OU=HR,OU=Zara Pte Ltd,DC=frontier,DC=net"
Bud,D,Sanchez,Bud,Pa$$w0rd,61234567,"OU=HR,OU=Zara Pte Ltd,DC=frontier,DC=net"
Jeremiah,D,Sanchez,Jeremiah,Pa$$w0rd,61234567,"OU=HR,OU=Zara Pte Ltd,DC=frontier,DC=net"
Taylor,D,Sanchez,Taylor,Pa$$w0rd,61234567,"OU=HR,OU=Zara Pte Ltd,DC=frontier,DC=net"
Forrest,D,Sanchez,Forrest,Pa$$w0rd,61234567,"OU=HR,OU=Zara Pte Ltd,DC=frontier,DC=net"
Roland,D,Sanchez,Roland,Pa$$w0rd,61234567,"OU=HR,OU=Zara Pte Ltd,DC=frontier,DC=net"
Spencer,D,Sanchez,Spencer,Pa$$w0rd,61234567,"OU=HR,OU=Zara Pte Ltd,DC=frontier,DC=net"
Burton,D,Sanchez,Burton,Pa$$w0rd,61234567,"OU=HR,OU=Zara Pte Ltd,DC=frontier,DC=net"
Don,D,Sanchez,Don,Pa$$w0rd,61234567,"OU=HR,OU=Zara Pte Ltd,DC=frontier,DC=net"
Emmet,W,Sanchez,Emmet,Pa$$w0rd,61234567,"OU=HR,OU=Zara Pte Ltd,DC=frontier,DC=net"
Gustav,W,Sanchez,Gustav,Pa$$w0rd,61234567,"OU=HR,OU=Zara Pte Ltd,DC=frontier,DC=net"
Louie,W,Sanchez,Louie,Pa$$w0rd,61234567,"OU=HR,OU=Zara Pte Ltd,DC=frontier,DC=net"
Morgan,W,Sanchez,Morgan,Pa$$w0rd,61234567,"OU=HR,OU=Zara Pte Ltd,DC=frontier,DC=net"
Ned,A,Sanchez,Ned,Pa$$w0rd,61234567,"OU=HR,OU=Zara Pte Ltd,DC=frontier,DC=net"
Van,E,Sanchez,Van,Pa$$w0rd,61234567,"OU=HR,OU=Zara Pte Ltd,DC=frontier,DC=net"
Ambrose,YT,Sanchez,Ambrose,Pa$$w0rd,61234567,"OU=HR,OU=Zara Pte Ltd,DC=frontier,DC=net"
Chauncey,W,Sanchez,Chauncey,Pa$$w0rd,61234567,"OU=HR,OU=Zara Pte Ltd,DC=frontier,DC=net"
Elisha,Q,Sanchez,Elisha,Pa$$w0rd,61234567,"OU=HR,OU=Zara Pte Ltd,DC=frontier,DC=net"
Ferdinand,E,Sanchez,Ferdinand,Pa$$w0rd,61234567,"OU=HR,OU=Zara Pte Ltd,DC=frontier,DC=net"
General,V,Sanchez,General,Pa$$w0rd,61234567,"OU=HR,OU=Zara Pte Ltd,DC=frontier,DC=net"
Julian,D,Sanchez,Julian,Pa$$w0rd,61234567,"OU=HR,OU=Zara Pte Ltd,DC=frontier,DC=net"
Kenneth,SZ,Sanchez,Kenneth,Pa$$w0rd,61234567,"OU=HR,OU=Zara Pte Ltd,DC=frontier,DC=net"
Mitchell,G,Sanchez,Mitchell,Pa$$w0rd,61234567,"OU=HR,OU=Zara Pte Ltd,DC=frontier,DC=net"
Allie,H,Sanchez,Allie,Pa$$w0rd,61234567,"OU=HR,OU=Zara Pte Ltd,DC=frontier,DC=net"
Josh,YT,Sanchez,Josh,Pa$$w0rd,61234567,"OU=HR,OU=Zara Pte Ltd,DC=frontier,DC=net"
Judson,R,Sanchez,Judson,Pa$$w0rd,61234567,"OU=HR,OU=Zara Pte Ltd,DC=frontier,DC=net"
Lyman,D,Sanchez,Lyman,Pa$$w0rd,61234567,"OU=HR,OU=Zara Pte Ltd,DC=frontier,DC=net"
Napoleon,SZ,Sanchez,Napoleon,Pa$$w0rd,61234567,"OU=HR,OU=Zara Pte Ltd,DC=frontier,DC=net"
Pedro,C,Sanchez,Pedro,Pa$$w0rd,61234567,"OU=HR,OU=Zara Pte Ltd,DC=frontier,DC=net"
Berry,B,Sanchez,Berry,Pa$$w0rd,61234567,"OU=HR,OU=Zara Pte Ltd,DC=frontier,DC=net"
Dewitt,J,Sanchez,Dewitt,Pa$$w0rd,61234567,"OU=HR,OU=Zara Pte Ltd,DC=frontier,DC=net"
Ervin,U,Sanchez,Ervin,Pa$$w0rd,61234567,"OU=HR,OU=Zara Pte Ltd,DC=frontier,DC=net"
Forest,I,Sanchez,Forest,Pa$$w0rd,61234567,"OU=HR,OU=Zara Pte Ltd,DC=frontier,DC=net"
Lynn,O,Sanchez,Lynn,Pa$$w0rd,61234567,"OU=HR,OU=Zara Pte Ltd,DC=frontier,DC=net"
Pink,K,Sanchez,Pink,Pa$$w0rd,61234567,"OU=HR,OU=Zara Pte Ltd,DC=frontier,DC=net"
Ruben,HG,Sanchez,Ruben,Pa$$w0rd,61234567,"OU=HR,OU=Zara Pte Ltd,DC=frontier,DC=net"
Sanford,D,Sanchez,Sanford,Pa$$w0rd,61234567,"OU=HR,OU=Zara Pte Ltd,DC=frontier,DC=net"
Ward,D,Sanchez,Ward,Pa$$w0rd,61234567,"OU=HR,OU=Zara Pte Ltd,DC=frontier,DC=net"
Douglas,SZ,Sanchez,Douglas,Pa$$w0rd,61234567,"OU=HR,OU=Zara Pte Ltd,DC=frontier,DC=net"
Ole,F,Sanchez,Ole,Pa$$w0rd,61234567,"OU=HR,OU=Zara Pte Ltd,DC=frontier,DC=net"
Omer,B,Sanchez,Omer,Pa$$w0rd,61234567,"OU=HR,OU=Zara Pte Ltd,DC=frontier,DC=net"
Ulysses,J,Sanchez,Ulysses,Pa$$w0rd,61234567,"OU=HR,OU=Zara Pte Ltd,DC=frontier,DC=net"
Walker,J,Sanchez,Walker,Pa$$w0rd,61234567,"OU=HR,OU=Zara Pte Ltd,DC=frontier,DC=net"
Wilbert,YT,Sanchez,Wilbert,Pa$$w0rd,61234567,"OU=HR,OU=Zara Pte Ltd,DC=frontier,DC=net"
Adelbert,R,Sanchez,Adelbert,Pa$$w0rd,61234567,"OU=HR,OU=Zara Pte Ltd,DC=frontier,DC=net"
Benjiman,D,Sanchez,Benjiman,Pa$$w0rd,61234567,"OU=HR,OU=Zara Pte Ltd,DC=frontier,DC=net"
Ivan,F,Sanchez,Ivan,Pa$$w0rd,61234567,"OU=HR,OU=Zara Pte Ltd,DC=frontier,DC=net"
Jonas,G,Sanchez,Jonas,Pa$$w0rd,61234567,"OU=HR,OU=Zara Pte Ltd,DC=frontier,DC=net"
Major,W,Sanchez,Major,Pa$$w0rd,61234567,"OU=HR,OU=Zara Pte Ltd,DC=frontier,DC=net"
Abner,W,Sanchez,Abner,Pa$$w0rd,61234567,"OU=HR,OU=Zara Pte Ltd,DC=frontier,DC=net"
Archibald,Q,Sanchez,Archibald,Pa$$w0rd,61234567,"OU=HR,OU=Zara Pte Ltd,DC=frontier,DC=net"
Caleb,A,Sanchez,Caleb,Pa$$w0rd,61234567,"OU=HR,OU=Zara Pte Ltd,DC=frontier,DC=net"
Clint,SZ,Sanchez,Clint,Pa$$w0rd,61234567,"OU=HR,OU=Zara Pte Ltd,DC=frontier,DC=net"
Dudley,D,Sanchez,Dudley,Pa$$w0rd,61234567,"OU=HR,OU=Zara Pte Ltd,DC=frontier,DC=net"
Granville,F,Sanchez,Granville,Pa$$w0rd,61234567,"OU=HR,OU=Zara Pte Ltd,DC=frontier,DC=net"
King,G,Sanchez,King,Pa$$w0rd,61234567,"OU=HR,OU=Zara Pte Ltd,DC=frontier,DC=net"
Mary,H,Sanchez,Mary,Pa$$w0rd,61234567,"OU=HR,OU=Zara Pte Ltd,DC=frontier,DC=net"
Merton,J,Sanchez,Merton,Pa$$w0rd,61234567,"OU=HR,OU=Zara Pte Ltd,DC=frontier,DC=net"
Antonio,K,Sanchez,Antonio,Pa$$w0rd,61234567,"OU=HR,OU=Zara Pte Ltd,DC=frontier,DC=net"
Bennie,L,Sanchez,Bennie,Pa$$w0rd,61234567,"OU=HR,OU=Zara Pte Ltd,DC=frontier,DC=net"
Carroll,M,Sanchez,Carroll,Pa$$w0rd,61234567,"OU=HR,OU=Zara Pte Ltd,DC=frontier,DC=net"
Freeman,N,Sanchez,Freeman,Pa$$w0rd,61234567,"OU=HR,OU=Zara Pte Ltd,DC=frontier,DC=net"
Josiah,B,Sanchez,Josiah,Pa$$w0rd,61234567,"OU=HR,OU=Zara Pte Ltd,DC=frontier,DC=net"
Milo,V,Sanchez,Milo,Pa$$w0rd,61234567,"OU=HR,OU=Zara Pte Ltd,DC=frontier,DC=net"
Royal,C,Sanchez,Royal,Pa$$w0rd,61234567,"OU=HR,OU=Zara Pte Ltd,DC=frontier,DC=net"
Dick,X,Sanchez,Dick,Pa$$w0rd,61234567,"OU=HR,OU=Zara Pte Ltd,DC=frontier,DC=net"
Earle,Z,Sanchez,Earle,Pa$$w0rd,61234567,"OU=HR,OU=Zara Pte Ltd,DC=frontier,DC=net"
Elza,Q,Sanchez,Elza,Pa$$w0rd,61234567,"OU=HR,OU=Zara Pte Ltd,DC=frontier,DC=net"
Emerson,W,Sanchez,Emerson,Pa$$w0rd,61234567,"OU=HR,OU=Zara Pte Ltd,DC=frontier,DC=net"
Fletcher,E,Sanchez,Fletcher,Pa$$w0rd,61234567,"OU=HR,OU=Zara Pte Ltd,DC=frontier,DC=net"
Judge,R,Sanchez,Judge,Pa$$w0rd,61234567,"OU=HR,OU=Zara Pte Ltd,DC=frontier,DC=net"
Laurence,T,Sanchez,Laurence,Pa$$w0rd,61234567,"OU=HR,OU=Zara Pte Ltd,DC=frontier,DC=net"
Neil,YT,Sanchez,Neil,Pa$$w0rd,61234567,"OU=HR,OU=Zara Pte Ltd,DC=frontier,DC=net"
Roger,U,Sanchez,Roger,Pa$$w0rd,61234567,"OU=HR,OU=Zara Pte Ltd,DC=frontier,DC=net"
Seth,I,Sanchez,Seth,Pa$$w0rd,61234567,"OU=HR,OU=Zara Pte Ltd,DC=frontier,DC=net"
Glen,I,Sanchez,Glen,Pa$$w0rd,61234567,"OU=HR,OU=Zara Pte Ltd,DC=frontier,DC=net"
Hugo,I,Sanchez,Hugo,Pa$$w0rd,61234567,"OU=HR,OU=Zara Pte Ltd,DC=frontier,DC=net"
Jimmie,O,Sanchez,Jimmie,Pa$$w0rd,61234567,"OU=HR,OU=Zara Pte Ltd,DC=frontier,DC=net"
Johnnie,P,Sanchez,Johnnie,Pa$$w0rd,61234567,"OU=HR,OU=Zara Pte Ltd,DC=frontier,DC=net"
Washington,M,Sanchez,Washington,Pa$$w0rd,61234567,"OU=HR,OU=Zara Pte Ltd,DC=frontier,DC=net"
Elwood,A,Sanchez,Elwood,Pa$$w0rd,61234567,"OU=HR,OU=Zara Pte Ltd,DC=frontier,DC=net"
Gust,F,Sanchez,Gust,Pa$$w0rd,61234567,"OU=HR,OU=Zara Pte Ltd,DC=frontier,DC=net"
Harmon,R,Sanchez,Harmon,Pa$$w0rd,61234567,"OU=HR,OU=Zara Pte Ltd,DC=frontier,DC=net"
Jordan,G,Sanchez,Jordan,Pa$$w0rd,61234567,"OU=HR,OU=Zara Pte Ltd,DC=frontier,DC=net"
Simeon,Y,Sanchez,Simeon,Pa$$w0rd,61234567,"OU=HR,OU=Zara Pte Ltd,DC=frontier,DC=net"
Wayne,F,Sanchez,Wayne,Pa$$w0rd,61234567,"OU=HR,OU=Zara Pte Ltd,DC=frontier,DC=net"
Wilber,E,Sanchez,Wilber,Pa$$w0rd,61234567,"OU=HR,OU=Zara Pte Ltd,DC=frontier,DC=net"
Clem,B,Sanchez,Clem,Pa$$w0rd,61234567,"OU=HR,OU=Zara Pte Ltd,DC=frontier,DC=net"
Evan,D,Sanchez,Evan,Pa$$w0rd,61234567,"OU=HR,OU=Zara Pte Ltd,DC=frontier,DC=net"
Frederic,E,Sanchez,Frederic,Pa$$w0rd,61234567,"OU=HR,OU=Zara Pte Ltd,DC=frontier,DC=net"
Irwin,H,Sanchez,Irwin,Pa$$w0rd,61234567,"OU=HR,OU=Zara Pte Ltd,DC=frontier,DC=net"
Junius,U,Sanchez,Junius,Pa$$w0rd,61234567,"OU=HR,OU=Zara Pte Ltd,DC=frontier,DC=net"
Lafayette,F,Sanchez,Lafayette,Pa$$w0rd,61234567,"OU=HR,OU=Zara Pte Ltd,DC=frontier,DC=net"
Loren,C,Sanchez,Loren,Pa$$w0rd,61234567,"OU=HR,OU=Zara Pte Ltd,DC=frontier,DC=net"
Madison,D,Sanchez,Madison,Pa$$w0rd,61234567,"OU=HR,OU=Zara Pte Ltd,DC=frontier,DC=net"
Mason,G,Sanchez,Mason,Pa$$w0rd,61234567,"OU=HR,OU=Zara Pte Ltd,DC=frontier,DC=net"
Orval,H,Sanchez,Orval,Pa$$w0rd,61234567,"OU=HR,OU=Zara Pte Ltd,DC=frontier,DC=net"
Abram,F,Sanchez,Abram,Pa$$w0rd,61234567,"OU=HR,OU=Zara Pte Ltd,DC=frontier,DC=net"
Aubrey,T,Sanchez,Aubrey,Pa$$w0rd,61234567,"OU=HR,OU=Zara Pte Ltd,DC=frontier,DC=net"
Elliott,H,Sanchez,Elliott,Pa$$w0rd,61234567,"OU=HR,OU=Zara Pte Ltd,DC=frontier,DC=net"
Hans,G,Sanchez,Hans,Pa$$w0rd,61234567,"OU=HR,OU=Zara Pte Ltd,DC=frontier,DC=net"
Karl,G,Sanchez,Karl,Pa$$w0rd,61234567,"OU=HR,OU=Zara Pte Ltd,DC=frontier,DC=net"
Minor,G,Sanchez,Minor,Pa$$w0rd,61234567,"OU=HR,OU=Zara Pte Ltd,DC=frontier,DC=net"
Wash,G,Sanchez,Wash,Pa$$w0rd,61234567,"OU=HR,OU=Zara Pte Ltd,DC=frontier,DC=net"
Wilfred,G,Sanchez,Wilfred,Pa$$w0rd,61234567,"OU=HR,OU=Zara Pte Ltd,DC=frontier,DC=net"
Allan,G,Sanchez,Allan,Pa$$w0rd,61234567,"OU=HR,OU=Zara Pte Ltd,DC=frontier,DC=net"
Alphonse,G,Sanchez,Alphonse,Pa$$w0rd,61234567,"OU=HR,OU=Zara Pte Ltd,DC=frontier,DC=net"
Dallas,D,Sanchez,Dallas,Pa$$w0rd,61234567,"OU=HR,OU=Zara Pte Ltd,DC=frontier,DC=net"
Dee,D,Sanchez,Dee,Pa$$w0rd,61234567,"OU=HR,OU=Zara Pte Ltd,DC=frontier,DC=net"
Isiah,D,Sanchez,Isiah,Pa$$w0rd,61234567,"OU=HR,OU=Zara Pte Ltd,DC=frontier,DC=net"
Jason,D,Sanchez,Jason,Pa$$w0rd,61234567,"OU=HR,OU=Zara Pte Ltd,DC=frontier,DC=net"
Johnny,D,Sanchez,Johnny,Pa$$w0rd,61234567,"OU=HR,OU=Zara Pte Ltd,DC=frontier,DC=net"
Lawson,D,Sanchez,Lawson,Pa$$w0rd,61234567,"OU=HR,OU=Zara Pte Ltd,DC=frontier,DC=net"
Lew,D,Sanchez,Lew,Pa$$w0rd,61234567,"OU=HR,OU=Zara Pte Ltd,DC=frontier,DC=net"
Micheal,D,Sanchez,Micheal,Pa$$w0rd,61234567,"OU=HR,OU=Zara Pte Ltd,DC=frontier,DC=net"
Orin,D,Sanchez,Orin,Pa$$w0rd,61234567,"OU=HR,OU=Zara Pte Ltd,DC=frontier,DC=net"
Addison,D,Sanchez,Addison,Pa$$w0rd,61234567,"OU=HR,OU=Zara Pte Ltd,DC=frontier,DC=net"
Cal,D,Sanchez,Cal,Pa$$w0rd,61234567,"OU=HR,OU=Zara Pte Ltd,DC=frontier,DC=net"
Erastus,D,Sanchez,Erastus,Pa$$w0rd,61234567,"OU=HR,OU=Zara Pte Ltd,DC=frontier,DC=net"
Francisco,D,Sanchez,Francisco,Pa$$w0rd,61234567,"OU=HR,OU=Zara Pte Ltd,DC=frontier,DC=net"
Hardy,D,Sanchez,Hardy,Pa$$w0rd,61234567,"OU=HR,OU=Zara Pte Ltd,DC=frontier,DC=net"
Lucien,D,Sanchez,Lucien,Pa$$w0rd,61234567,"OU=HR,OU=Zara Pte Ltd,DC=frontier,DC=net"
Randolph,D,Sanchez,Randolph,Pa$$w0rd,61234567,"OU=HR,OU=Zara Pte Ltd,DC=frontier,DC=net"
Stewart,D,Sanchez,Stewart,Pa$$w0rd,61234567,"OU=HR,OU=Zara Pte Ltd,DC=frontier,DC=net"
Vern,D,Sanchez,Vern,Pa$$w0rd,61234567,"OU=HR,OU=Zara Pte Ltd,DC=frontier,DC=net"
Wilmer,D,Sanchez,Wilmer,Pa$$w0rd,61234567,"OU=HR,OU=Zara Pte Ltd,DC=frontier,DC=net"
Zack,D,Sanchez,Zack,Pa$$w0rd,61234567,"OU=HR,OU=Zara Pte Ltd,DC=frontier,DC=net"
Adrian,W,Sanchez,Adrian,Pa$$w0rd,61234567,"OU=HR,OU=Zara Pte Ltd,DC=frontier,DC=net"
Alvah,W,Sanchez,Alvah,Pa$$w0rd,61234567,"OU=HR,OU=Zara Pte Ltd,DC=frontier,DC=net"
Bertram,W,Sanchez,Bertram,Pa$$w0rd,61234567,"OU=HR,OU=Zara Pte Ltd,DC=frontier,DC=net"
Clay,W,Sanchez,Clay,Pa$$w0rd,61234567,"OU=HR,OU=Zara Pte Ltd,DC=frontier,DC=net"
Ephraim,A,Sanchez,Ephraim,Pa$$w0rd,61234567,"OU=HR,OU=Zara Pte Ltd,DC=frontier,DC=net"
Fritz,E,Sanchez,Fritz,Pa$$w0rd,61234567,"OU=HR,OU=Zara Pte Ltd,DC=frontier,DC=net"
Giles,YT,Sanchez,Giles,Pa$$w0rd,61234567,"OU=HR,OU=Zara Pte Ltd,DC=frontier,DC=net"
Grover,W,Sanchez,Grover,Pa$$w0rd,61234567,"OU=HR,OU=Zara Pte Ltd,DC=frontier,DC=net"
Harris,Q,Sanchez,Harris,Pa$$w0rd,61234567,"OU=HR,OU=Zara Pte Ltd,DC=frontier,DC=net"
Isom,E,Sanchez,Isom,Pa$$w0rd,61234567,"OU=HR,OU=Zara Pte Ltd,DC=frontier,DC=net"
Jesus,V,Sanchez,Jesus,Pa$$w0rd,61234567,"OU=HR,OU=Zara Pte Ltd,DC=frontier,DC=net"
Johnie,D,Sanchez,Johnie,Pa$$w0rd,61234567,"OU=HR,OU=Zara Pte Ltd,DC=frontier,DC=net"
Jonathan,SZ,Sanchez,Jonathan,Pa$$w0rd,61234567,"OU=HR,OU=Zara Pte Ltd,DC=frontier,DC=net"
Lucian,G,Sanchez,Lucian,Pa$$w0rd,61234567,"OU=HR,OU=Zara Pte Ltd,DC=frontier,DC=net"
Malcolm,H,Sanchez,Malcolm,Pa$$w0rd,61234567,"OU=HR,OU=Zara Pte Ltd,DC=frontier,DC=net"
Merritt,YT,Sanchez,Merritt,Pa$$w0rd,61234567,"OU=HR,OU=Zara Pte Ltd,DC=frontier,DC=net"
Otho,R,Sanchez,Otho,Pa$$w0rd,61234567,"OU=HR,OU=Zara Pte Ltd,DC=frontier,DC=net"
Perley,D,Sanchez,Perley,Pa$$w0rd,61234567,"OU=HR,OU=Zara Pte Ltd,DC=frontier,DC=net"
Rolla,SZ,Sanchez,Rolla,Pa$$w0rd,61234567,"OU=HR,OU=Zara Pte Ltd,DC=frontier,DC=net"
Sandy,C,Sanchez,Sandy,Pa$$w0rd,61234567,"OU=HR,OU=Zara Pte Ltd,DC=frontier,DC=net"
Tomas,B,Sanchez,Tomas,Pa$$w0rd,61234567,"OU=HR,OU=Zara Pte Ltd,DC=frontier,DC=net"
Wilford,J,Sanchez,Wilford,Pa$$w0rd,61234567,"OU=HR,OU=Zara Pte Ltd,DC=frontier,DC=net"
Adolphus,U,Sanchez,Adolphus,Pa$$w0rd,61234567,"OU=HR,OU=Zara Pte Ltd,DC=frontier,DC=net"
Angus,I,Sanchez,Angus,Pa$$w0rd,61234567,"OU=HR,OU=Zara Pte Ltd,DC=frontier,DC=net"
Arther,O,Sanchez,Arther,Pa$$w0rd,61234567,"OU=HR,OU=Zara Pte Ltd,DC=frontier,DC=net"
Carlos,K,Sanchez,Carlos,Pa$$w0rd,61234567,"OU=HR,OU=Zara Pte Ltd,DC=frontier,DC=net"
Cary,HG,Sanchez,Cary,Pa$$w0rd,61234567,"OU=HR,OU=Zara Pte Ltd,DC=frontier,DC=net"
Cassius,D,Sanchez,Cassius,Pa$$w0rd,61234567,"OU=HR,OU=Zara Pte Ltd,DC=frontier,DC=net"
Davis,D,Sanchez,Davis,Pa$$w0rd,61234567,"OU=HR,OU=Zara Pte Ltd,DC=frontier,DC=net"
Hamilton,SZ,Sanchez,Hamilton,Pa$$w0rd,61234567,"OU=HR,OU=Zara Pte Ltd,DC=frontier,DC=net"
Harve,F,Sanchez,Harve,Pa$$w0rd,61234567,"OU=HR,OU=Zara Pte Ltd,DC=frontier,DC=net"
Israel,B,Sanchez,Israel,Pa$$w0rd,61234567,"OU=HR,OU=Zara Pte Ltd,DC=frontier,DC=net"
Leander,J,Sanchez,Leander,Pa$$w0rd,61234567,"OU=HR,OU=Zara Pte Ltd,DC=frontier,DC=net"
Melville,J,Sanchez,Melville,Pa$$w0rd,61234567,"OU=HR,OU=Zara Pte Ltd,DC=frontier,DC=net"
Merle,YT,Sanchez,Merle,Pa$$w0rd,61234567,"OU=HR,OU=Zara Pte Ltd,DC=frontier,DC=net"
Murray,R,Sanchez,Murray,Pa$$w0rd,61234567,"OU=HR,OU=Zara Pte Ltd,DC=frontier,DC=net"
Pleasant,D,Sanchez,Pleasant,Pa$$w0rd,61234567,"OU=HR,OU=Zara Pte Ltd,DC=frontier,DC=net"
Sterling,F,Sanchez,Sterling,Pa$$w0rd,61234567,"OU=HR,OU=Zara Pte Ltd,DC=frontier,DC=net"
Steven,G,Sanchez,Steven,Pa$$w0rd,61234567,"OU=HR,OU=Zara Pte Ltd,DC=frontier,DC=net"
Axel,W,Sanchez,Axel,Pa$$w0rd,61234567,"OU=HR,OU=Zara Pte Ltd,DC=frontier,DC=net"
Boyd,W,Sanchez,Boyd,Pa$$w0rd,61234567,"OU=HR,OU=Zara Pte Ltd,DC=frontier,DC=net"
Bryant,Q,Sanchez,Bryant,Pa$$w0rd,61234567,"OU=HR,OU=Zara Pte Ltd,DC=frontier,DC=net"
Clement,A,Sanchez,Clement,Pa$$w0rd,61234567,"OU=HR,OU=Zara Pte Ltd,DC=frontier,DC=net"
Erwin,SZ,Sanchez,Erwin,Pa$$w0rd,61234567,"OU=HR,OU=Zara Pte Ltd,DC=frontier,DC=net"
Ezekiel,D,Sanchez,Ezekiel,Pa$$w0rd,61234567,"OU=HR,OU=Zara Pte Ltd,DC=frontier,DC=net"
Foster,F,Sanchez,Foster,Pa$$w0rd,61234567,"OU=HR,OU=Zara Pte Ltd,DC=frontier,DC=net"
Frances,G,Sanchez,Frances,Pa$$w0rd,61234567,"OU=HR,OU=Zara Pte Ltd,DC=frontier,DC=net"
Geo,H,Sanchez,Geo,Pa$$w0rd,61234567,"OU=HR,OU=Zara Pte Ltd,DC=frontier,DC=net"
Houston,J,Sanchez,Houston,Pa$$w0rd,61234567,"OU=HR,OU=Zara Pte Ltd,DC=frontier,DC=net"
Issac,K,Sanchez,Issac,Pa$$w0rd,61234567,"OU=HR,OU=Zara Pte Ltd,DC=frontier,DC=net"
Jules,L,Sanchez,Jules,Pa$$w0rd,61234567,"OU=HR,OU=Zara Pte Ltd,DC=frontier,DC=net"
Larkin,M,Sanchez,Larkin,Pa$$w0rd,61234567,"OU=HR,OU=Zara Pte Ltd,DC=frontier,DC=net"
Mat,N,Sanchez,Mat,Pa$$w0rd,61234567,"OU=HR,OU=Zara Pte Ltd,DC=frontier,DC=net"
Morton,B,Sanchez,Morton,Pa$$w0rd,61234567,"OU=HR,OU=Zara Pte Ltd,DC=frontier,DC=net"
Orlando,V,Sanchez,Orlando,Pa$$w0rd,61234567,"OU=HR,OU=Zara Pte Ltd,DC=frontier,DC=net"
Pierce,C,Sanchez,Pierce,Pa$$w0rd,61234567,"OU=HR,OU=Zara Pte Ltd,DC=frontier,DC=net"
Prince,X,Sanchez,Prince,Pa$$w0rd,61234567,"OU=HR,OU=Zara Pte Ltd,DC=frontier,DC=net"
Rollie,Z,Sanchez,Rollie,Pa$$w0rd,61234567,"OU=HR,OU=Zara Pte Ltd,DC=frontier,DC=net"
Rollin,Q,Sanchez,Rollin,Pa$$w0rd,61234567,"OU=HR,OU=Zara Pte Ltd,DC=frontier,DC=net"
Sim,W,Sanchez,Sim,Pa$$w0rd,61234567,"OU=HR,OU=Zara Pte Ltd,DC=frontier,DC=net"
Stuart,E,Sanchez,Stuart,Pa$$w0rd,61234567,"OU=HR,OU=Zara Pte Ltd,DC=frontier,DC=net"
Wilburn,R,Sanchez,Wilburn,Pa$$w0rd,61234567,"OU=HR,OU=Zara Pte Ltd,DC=frontier,DC=net"
Bennett,T,Sanchez,Bennett,Pa$$w0rd,61234567,"OU=HR,OU=Zara Pte Ltd,DC=frontier,DC=net"
Casper,YT,Sanchez,Casper,Pa$$w0rd,61234567,"OU=HR,OU=Zara Pte Ltd,DC=frontier,DC=net"
Christ,U,Sanchez,Christ,Pa$$w0rd,61234567,"OU=HR,OU=Zara Pte Ltd,DC=frontier,DC=net"
Dell,I,Sanchez,Dell,Pa$$w0rd,61234567,"OU=HR,OU=Zara Pte Ltd,DC=frontier,DC=net"
Egbert,I,Sanchez,Egbert,Pa$$w0rd,61234567,"OU=HR,OU=Zara Pte Ltd,DC=frontier,DC=net"
Elmo,I,Sanchez,Elmo,Pa$$w0rd,61234567,"OU=HR,OU=Zara Pte Ltd,DC=frontier,DC=net"
Fay,O,Sanchez,Fay,Pa$$w0rd,61234567,"OU=HR,OU=Zara Pte Ltd,DC=frontier,DC=net"
Gabriel,P,Sanchez,Gabriel,Pa$$w0rd,61234567,"OU=HR,OU=Zara Pte Ltd,DC=frontier,DC=net"
Hector,M,Sanchez,Hector,Pa$$w0rd,61234567,"OU=HR,OU=Zara Pte Ltd,DC=frontier,DC=net"
Horatio,A,Sanchez,Horatio,Pa$$w0rd,61234567,"OU=HR,OU=Zara Pte Ltd,DC=frontier,DC=net"
Lige,F,Sanchez,Lige,Pa$$w0rd,61234567,"OU=HR,OU=Zara Pte Ltd,DC=frontier,DC=net"
Saul,R,Sanchez,Saul,Pa$$w0rd,61234567,"OU=HR,OU=Zara Pte Ltd,DC=frontier,DC=net"
Smith,G,Sanchez,Smith,Pa$$w0rd,61234567,"OU=HR,OU=Zara Pte Ltd,DC=frontier,DC=net"
Squire,Y,Sanchez,Squire,Pa$$w0rd,61234567,"OU=HR,OU=Zara Pte Ltd,DC=frontier,DC=net"
Tobe,F,Sanchez,Tobe,Pa$$w0rd,61234567,"OU=HR,OU=Zara Pte Ltd,DC=frontier,DC=net"
Tommie,E,Sanchez,Tommie,Pa$$w0rd,61234567,"OU=HR,OU=Zara Pte Ltd,DC=frontier,DC=net"
Wyatt,B,Sanchez,Wyatt,Pa$$w0rd,61234567,"OU=HR,OU=Zara Pte Ltd,DC=frontier,DC=net"
Alford,D,Sanchez,Alford,Pa$$w0rd,61234567,"OU=HR,OU=Zara Pte Ltd,DC=frontier,DC=net"
Alma,E,Sanchez,Alma,Pa$$w0rd,61234567,"OU=HR,OU=Zara Pte Ltd,DC=frontier,DC=net"
Alton,H,Sanchez,Alton,Pa$$w0rd,61234567,"OU=HR,OU=Zara Pte Ltd,DC=frontier,DC=net"
Andres,U,Sanchez,Andres,Pa$$w0rd,61234567,"OU=HR,OU=Zara Pte Ltd,DC=frontier,DC=net"
Burl,F,Sanchez,Burl,Pa$$w0rd,61234567,"OU=HR,OU=Zara Pte Ltd,DC=frontier,DC=net"
Cicero,C,Sanchez,Cicero,Pa$$w0rd,61234567,"OU=HR,OU=Zara Pte Ltd,DC=frontier,DC=net"
Dean,D,Sanchez,Dean,Pa$$w0rd,61234567,"OU=HR,OU=Zara Pte Ltd,DC=frontier,DC=net"
Dorsey,G,Sanchez,Dorsey,Pa$$w0rd,61234567,"OU=HR,OU=Zara Pte Ltd,DC=frontier,DC=net"
Enos,H,Sanchez,Enos,Pa$$w0rd,61234567,"OU=HR,OU=Zara Pte Ltd,DC=frontier,DC=net"
Howell,F,Sanchez,Howell,Pa$$w0rd,61234567,"OU=HR,OU=Zara Pte Ltd,DC=frontier,DC=net"
Lou,T,Sanchez,Lou,Pa$$w0rd,61234567,"OU=HR,OU=Zara Pte Ltd,DC=frontier,DC=net"
Loyd,H,Sanchez,Loyd,Pa$$w0rd,61234567,"OU=HR,OU=Zara Pte Ltd,DC=frontier,DC=net"
Mahlon,G,Sanchez,Mahlon,Pa$$w0rd,61234567,"OU=HR,OU=Zara Pte Ltd,DC=frontier,DC=net"
Nat,G,Sanchez,Nat,Pa$$w0rd,61234567,"OU=HR,OU=Zara Pte Ltd,DC=frontier,DC=net"
Omar,G,Sanchez,Omar,Pa$$w0rd,61234567,"OU=HR,OU=Zara Pte Ltd,DC=frontier,DC=net"
Oran,G,Sanchez,Oran,Pa$$w0rd,61234567,"OU=HR,OU=Zara Pte Ltd,DC=frontier,DC=net"
Parker,G,Sanchez,Parker,Pa$$w0rd,61234567,"OU=HR,OU=Zara Pte Ltd,DC=frontier,DC=net"
Raleigh,G,Sanchez,Raleigh,Pa$$w0rd,61234567,"OU=HR,OU=Zara Pte Ltd,DC=frontier,DC=net"
Reginald,G,Sanchez,Reginald,Pa$$w0rd,61234567,"OU=HR,OU=Zara Pte Ltd,DC=frontier,DC=net"
